apply_url,company_name,country,date_posted,id,job_title,skill_count,tags_skills
https://remoteOK.com/remote-jobs/remote-sales-development-representative-europe-hostaway-1093301,Hostaway,"",2025-06-03T08:02:27+00:00,1093301,Sales Development Representative Europe,7,"saas,support,growth,lead,marketing,sales,health"
https://remoteOK.com/remote-jobs/remote-senior-product-manager-payments-europe-hostaway-1093300,Hostaway,"",2025-06-03T08:02:04+00:00,1093300,Senior Product Manager Payments Europe,7,"manager,saas,security,growth,management,senior,health"
https://remoteOK.com/remote-jobs/remote-account-executive-leadr-1093299,Leadr,United States,2025-06-03T08:01:00+00:00,1093299,Account Executive,12,"hr,teach,training,support,software,growth,web,manager,leader,sales,go,executive"
https://remoteOK.com/remote-jobs/remote-sales-engineer-en-tameson-1093298,Tameson,"",2025-06-03T08:00:52+00:00,1093298,Sales Engineer EN,6,"technical,software,marketing,sales,engineer,ecommerce"
https://remoteOK.com/remote-jobs/remote-social-media-manager-caiz-1093296,Caiz,"",2025-06-03T00:00:04+00:00,1093296,Social Media Manager,14,"manager,crypto,system,security,support,voice,financial,finance,strategy,management,content,senior,operations,marketing"
https://remoteOK.com/remote-jobs/remote-lead-data-engineer-open-architects-1093295,Open Architects,"",2025-06-02T22:32:54+00:00,1093295,Lead Data Engineer,6,"engineer,dev,devops,python,data,dataops"
https://remoteOK.com/remote-jobs/remote-senior-devops-engineer-easypost-1093294,EasyPost,Remote,2025-06-02T18:00:03+00:00,1093294,Senior DevOps Engineer,21,"design,security,architect,technical,support,growth,devops,education,serverless,cloud,api,administrator,management,lead,senior,junior,operations,engineer,engineering,linux,digital nomad"
https://remoteOK.com/remote-jobs/remote-data-analyst-canada-wide-newton-1093292,Newton,"Toronto, Ontario",2025-06-02T13:00:11+00:00,1093292,Data Analyst Canada Wide,6,"analyst,crypto,python,financial,operational,analytics"
https://remoteOK.com/remote-jobs/remote-product-engineer-zen-educate-1093291,Zen Educate,London,2025-06-02T12:00:03+00:00,1093291,Product Engineer,22,"design,amazon,react,system,frontend,teacher,recruiter,support,growth,manager,financial,education,ruby,rails,mobile,lead,operations,heroku,engineer,engineering,backend,digital nomad"
https://remoteOK.com/remote-jobs/remote-data-scientist-the-voleon-group-1093286,The Voleon Group,United States or Remote,2025-06-01T05:00:02+00:00,1093286,Data Scientist,7,"support,software,financial,investment,finance,health,executive"
https://remoteOK.com/remote-jobs/remote-principal-devsecops-engineer-second-front-systems-1093284,Second Front Systems,Remote,2025-05-31T13:00:14+00:00,1093284,Principal DevSecOps Engineer,13,"saas,security,game,support,software,code,cloud,strategy,operations,go,golang,health,engineer"
https://remoteOK.com/remote-jobs/remote-software-engineer-ii-everbridge-1093283,Everbridge,United States,2025-05-31T00:00:08+00:00,1093283,Software Engineer II,19,"software,system,front-end,security,full-stack,developer,web,scrum,devops,javascript,financial,typescript,mongodb,api,management,health,engineer,engineering,digital nomad"
https://remoteOK.com/remote-jobs/remote-video-editor-and-content-creator-ritual-1093277,Ritual,Remote,2025-05-30T05:00:02+00:00,1093277,Video Editor and Content Creator,13,"technical,support,test,growth,web,voice,video,ads,content,marketing,legal,health,e-commerce"
https://remoteOK.com/remote-jobs/remote-senior-react-native-sdk-engineer-nami-ml-1093276,Nami ML,"",2025-05-29T22:36:46+00:00,1093276,Senior React Native SDK Engineer,5,"dev,javascript,react native,mobile,typescript"
https://remoteOK.com/remote-jobs/remote-ruby-on-rails-engineer-everai-1093272,EverAI,"",2025-05-29T17:55:24+00:00,1093272,Ruby on Rails Engineer,2,"front end,ruby"
https://remoteOK.com/remote-jobs/remote-senior-backend-engineer-raya-1093271,Raya,Remote,2025-05-29T16:00:09+00:00,1093271,Senior Backend Engineer,17,"design,system,training,technical,support,software,ux,elasticsearch,node.js,lead,senior,go,engineer,engineering,educational,backend,digital nomad"
https://remoteOK.com/remote-jobs/remote-ux-designer-ii-zeta-1093268,Zeta,Bangalore,2025-05-29T12:00:35+00:00,1093268,UX Designer II,8,"ux,design,front-end,designer,support,banking,senior,digital nomad"
https://remoteOK.com/remote-jobs/remote-tech-cofounder-cto-founders-factory-1093267,Founders Factory,"",2025-05-29T11:44:49+00:00,1093267,Tech Cofounder CTO,6,"dev,full stack,api,engineer,senior,mobile"
https://remoteOK.com/remote-jobs/remote-meta-ads-specialist-97focus-1093265,97Focus,"",2025-05-29T08:27:40+00:00,1093265,Meta Ads Specialist,1,marketing
https://remoteOK.com/remote-jobs/remote-senior-full-stack-engineer-elevate-1093263,Elevate,"",2025-05-28T21:00:14+00:00,1093263,Senior Full Stack Engineer,6,"engineer,senior,dev,full stack,english,javascript"
https://remoteOK.com/remote-jobs/remote-defi-sales-business-development-manager-helix-1093261,HELIX,"",2025-05-28T19:00:05+00:00,1093261,DeFi Sales & Business Development Manager,9,"defi,manager,web3,crypto,growth,investor,strategy,marketing,sales"
https://remoteOK.com/remote-jobs/remote-senior-backend-engineer-hockeystack-1093257,HockeyStack,"",2025-05-27T21:55:03+00:00,1093257,Senior Backend Engineer,5,"dev,javascript,backend,api,engineer"
https://remoteOK.com/remote-jobs/remote-frontend-software-engineer-bitwise-asset-management-1093256,Bitwise Asset Management,Remote,2025-05-27T18:00:03+00:00,1093256,Frontend Software Engineer,22,"frontend,software,design,crypto,bitcoin,ethereum,ui,ux,code,financial,investment,finance,css,typescript,exec,management,lead,marketing,analytics,engineer,engineering,digital nomad"
https://remoteOK.com/remote-jobs/remote-wattpad-marketing-intern-webtoon-entertainment-inc-wattpad-amp-webtoon-family-of-brands-1093255,WEBTOON Entertainment Inc. (Wattpad &amp_ WEBTOON Family of Brands),"Toronto, Ontario",2025-05-27T16:00:24+00:00,1093255,Wattpad Marketing Intern,5,"software,management,content,marketing,internship"
https://remoteOK.com/remote-jobs/remote-seo-guest-posting-outreach-freelancer-pagesection-com-1093254,pagesection.com,"",2025-05-27T14:25:52+00:00,1093254,SEO guest posting & outreach freelancer,3,"marketing,content writing,seo"
https://remoteOK.com/remote-jobs/remote-senior-full-stack-developer-lemon-io-1093252,Lemon.io,"",2025-05-27T09:56:21+00:00,1093252,Senior Full stack Developer,32,"engineer,senior,dev,javascript,backend,full stack,design,react,saas,full time,ruby,python,node,crypto,web dev,nosql,shopify,wordpress,blockchain,web3,typescript,aws,solidity,pyton,django,startup,azure,figma,next,gcp,remote,PostgreSQL"
https://remoteOK.com/remote-jobs/remote-senior-account-lead-sanctuary-computer-1093250,Sanctuary Computer,"",2025-05-26T15:46:29+00:00,1093250,Senior Account Lead,5,"dev,exec,sys admin,saas,devops"
https://remoteOK.com/remote-jobs/remote-developer-productivity-engineer-narwhal-technologies-inc-1093249,Narwhal Technologies Inc.,Remote,2025-05-26T13:00:02+00:00,1093249,Developer Productivity Engineer,12,"developer,training,technical,support,travel,cloud,lead,senior,sales,engineer,engineering,digital nomad"
https://remoteOK.com/remote-jobs/remote-growth-analyst-financial-institutions-group-anchorage-digital-1093248,Anchorage Digital,United States,2025-05-26T12:00:03+00:00,1093248,Growth Analyst Financial Institutions Group,10,"growth,analyst,crypto,security,support,financial,finance,bank,strategy,legal"
https://remoteOK.com/remote-jobs/remote-paid-media-designer-flex-1093247,Flex,Remote,2025-05-26T11:00:03+00:00,1093247,Paid Media Designer,17,"design,designer,software,testing,test,growth,manager,financial,video,finance,fintech,ads,content,marketing,analytics,legal,digital nomad"
https://remoteOK.com/remote-jobs/remote-spanish-speaking-software-support-engineer-payara-1093246,Payara,"",2025-05-26T09:05:18+00:00,1093246,Spanish Speaking Software Support Engineer,3,"dev,engineer,java"
https://remoteOK.com/remote-jobs/remote-full-stack-net-developer-smart-working-solutions-1093245,Smart Working Solutions,"",2025-05-26T08:00:04+00:00,1093245,Full Stack .NET Developer,13,"developer,jira,front-end,back-end,technical,code,web,devops,javascript,microsoft,management,full-time,digital nomad"
https://remoteOK.com/remote-jobs/remote-typescript-engineer-wander-com-1093244,wander.com,"",2025-05-26T01:29:59+00:00,1093244,Typescript Engineer,1,dev
https://remoteOK.com/remote-jobs/remote-ai-technical-program-manager-dscout-1093243,Dscout,United States,2025-05-26T00:03:30+00:00,1093243,AI Technical Program Manager,13,"manager,full-stack,technical,support,software,test,growth,code,education,leader,lead,content,senior"
https://remoteOK.com/remote-jobs/remote-implementation-specialist-distru-1093242,Distru,Remote,2025-05-26T00:03:18+00:00,1093242,Implementation Specialist,10,"training,cfo,technical,software,happiness,management,operations,sales,engineering,full-time"
https://remoteOK.com/remote-jobs/remote-certified-medical-assistant-everly-health-1093241,Everly Health,Nationwide,2025-05-26T00:03:11+00:00,1093241,Certified Medical Assistant,7,"assistant,technical,support,video,education,medical,health"
https://remoteOK.com/remote-jobs/remote-research-analyst-law-librarian-accufile-inc-1093240,"ACCUFILE, INC.","",2025-05-26T00:03:05+00:00,1093240,Research Analyst Law Librarian,5,"analyst,support,analytics,legal,non tech"
https://remoteOK.com/remote-jobs/remote-project-manager-rainfocus-1093239,RainFocus,"Lehi, Utah",2025-05-26T00:02:57+00:00,1093239,Project Manager,11,"manager,training,consulting,technical,support,software,travel,financial,microsoft,management,marketing"
https://remoteOK.com/remote-jobs/remote-software-engineer-ii-android-alltrails-1093238,AllTrails,Remote,2025-05-26T00:02:35+00:00,1093238,Software Engineer II Android,14,"software,design,training,testing,test,ui,education,investment,java,mobile,android,go,engineer,digital nomad"
https://remoteOK.com/remote-jobs/remote-psychotherapist-athena-1093237,Athena,"New York, NY",2025-05-26T00:02:27+00:00,1093237,Psychotherapist,2,"health,non tech"
https://remoteOK.com/remote-jobs/remote-editorial-writer-huckleberry-labs-1093236,Huckleberry Labs,"Los Angeles, CA",2025-05-26T00:02:20+00:00,1093236,Editorial Writer,9,"training,technical,writer,support,seo,mobile,management,content,part-time"
https://remoteOK.com/remote-jobs/remote-staff-mobile-engineer-react-native-europe-hostaway-1093235,Hostaway,"",2025-05-26T00:02:03+00:00,1093235,Staff Mobile Engineer React Native Europe,20,"react,design,ios,saas,security,technical,testing,test,growth,web,javascript,git,api,mobile,management,android,health,engineer,backend,digital nomad"
https://remoteOK.com/remote-jobs/remote-english-language-data-annotator-transperfect-1093234,TransPerfect,"",2025-05-26T00:01:52+00:00,1093234,English Language Data Annotator,7,"react,teach,training,legal,recruitment,full-time,non tech"
https://remoteOK.com/remote-jobs/remote-audio-annotator-transperfect-1093233,TransPerfect,"",2025-05-26T00:01:46+00:00,1093233,Audio Annotator,2,"voice,speech"
https://remoteOK.com/remote-jobs/remote-graphic-designer-fully-position-meeting-tomorrow-1093232,Meeting Tomorrow,Remote - United States only,2025-05-26T00:01:33+00:00,1093232,Graphic Designer Fully Position,8,"design,designer,technical,support,voice,management,marketing,digital nomad"
https://remoteOK.com/remote-jobs/remote-physician-included-health-1093231,Included Health,Remote,2025-05-26T00:01:25+00:00,1093231,Physician,6,"support,medical,health,healthcare,recruiting,non tech"
https://remoteOK.com/remote-jobs/remote-freelance-english-annotator-united-states-transperfect-1093230,TransPerfect,"",2025-05-26T00:00:34+00:00,1093230,Freelance English Annotator United States,2,"voice,speech"
https://remoteOK.com/remote-jobs/remote-people-analytics-business-partner-h1-1093225,H1,US Remote,2025-05-25T05:00:03+00:00,1093225,People Analytics Business Partner,15,"design,saas,hr,recruiter,support,payroll,strategy,management,lead,operations,analytics,biotech,health,healthcare,digital nomad"
https://remoteOK.com/remote-jobs/remote-technical-lead-devops-magnet-forensics-1093224,Magnet Forensics,United States,2025-05-24T20:00:03+00:00,1093224,Technical Lead DevOps,17,"saas,embedded,security,technical,support,software,code,devops,cloud,git,leader,management,lead,operations,sales,recruitment,linux"
https://remoteOK.com/remote-jobs/remote-full-stack-engineer-medialab-1093223,MediaLab,Remote U.S.,2025-05-23T20:00:01+00:00,1093223,Full Stack Engineer,17,"design,react,front-end,frontend,security,music,full-stack,technical,transcribe,code,ruby,rails,reliability,engineer,engineering,backend,digital nomad"
https://remoteOK.com/remote-jobs/remote-senior-software-engineer-contra-1093221,Contra,"",2025-05-23T14:44:28+00:00,1093221,Senior Software Engineer,3,"engineer,full stack,dev"
https://remoteOK.com/remote-jobs/remote-frontend-software-engineer-bitwise-asset-management-1093220,Bitwise Asset Management,Remote,2025-05-23T14:00:10+00:00,1093220,Frontend Software Engineer,22,"frontend,software,design,crypto,bitcoin,ethereum,ui,ux,code,financial,investment,finance,css,typescript,exec,management,lead,marketing,analytics,engineer,engineering,digital nomad"
https://remoteOK.com/remote-jobs/remote-job-23799-senior-java-developer-brazil-ciampt-1093219,CI&amp_T,Brazil,2025-05-23T00:00:06+00:00,1093219,Job 23799 SÃªnior Java Developer Brazil,6,"developer,design,front-end,devops,java,digital nomad"
https://remoteOK.com/remote-jobs/remote-software-engineer-titan-1093216,Titan,"Bengaluru, Karnataka",2025-05-22T14:00:04+00:00,1093216,Software Engineer,13,"software,design,frontend,test,growth,code,web,lead,marketing,health,engineer,backend,digital nomad"
https://remoteOK.com/remote-jobs/remote-software-engineer-backend-fullstack-sei-labs-1093215,Sei Labs,"",2025-05-22T12:00:03+00:00,1093215,Software Engineer Backend Fullstack,9,"software,web3,full-stack,cloud,management,engineer,engineering,backend,fullstack"
https://remoteOK.com/remote-jobs/remote-jr-business-analyst-healthcare-1093213,HealthCare,Remote,2025-05-22T08:00:12+00:00,1093213,Jr Business Analyst,16,"analyst,students,technical,support,software,growth,microsoft,senior,operations,operational,marketing,excel,sales,health,medical,internship"
https://remoteOK.com/remote-jobs/remote-pessoa-advogada-jr-privacidade-e-protecao-de-dados-neon-pagamentos-1093211,Neon Pagamentos,Remoto,2025-05-22T00:00:07+00:00,1093211,Pessoa Advogada Jr Privacidade e ProteÃ§Ã£o de Dados,2,"design,digital nomad"
https://remoteOK.com/remote-jobs/remote-project-manager-prime-design-and-build-1093210,Prime design and build,"",2025-05-21T23:37:25+00:00,1093210,project manager,4,"project manager,excel,design,other"
https://remoteOK.com/remote-jobs/remote-languages-instructors-ae-virtual-class-1093209,AE Virtual Class,"",2025-05-21T21:44:44+00:00,1093209,Languages Instructors,1,other
https://remoteOK.com/remote-jobs/remote-data-analyst-foodsmart-1093207,Foodsmart,US,2025-05-21T00:00:09+00:00,1093207,Data Analyst,10,"analyst,python,growth,education,investment,operations,health,healthcare,engineering,executive"
https://remoteOK.com/remote-jobs/remote-senior-full-stack-developer-ringbook-1093206,Ringbook,"",2025-05-20T21:53:04+00:00,1093206,Senior Full Stack developer,3,"senior,dev,full stack"
https://remoteOK.com/remote-jobs/remote-tiktok-video-director-coin-market-cap-ltd-1093205,Coin Market Cap Ltd,"",2025-05-20T18:00:02+00:00,1093205,TikTok Video Director,10,"director,design,web3,copywriting,video,post-production,seo,content,analytics,digital nomad"
https://remoteOK.com/remote-jobs/remote-member-of-compliance-sanctions-anchorage-digital-1093202,Anchorage Digital,United States,2025-05-20T12:00:04+00:00,1093202,Member of Compliance Sanctions,16,"crypto,cryptocurrency,system,security,support,testing,growth,travel,manager,financial,finance,bank,strategy,management,analytics,legal"
https://remoteOK.com/remote-jobs/remote-member-of-product-marketing-protocols-anchorage-digital-1093197,Anchorage Digital,United States,2025-05-19T11:00:03+00:00,1093197,Member of Product Marketing Protocols,15,"crypto,security,technical,support,copywriting,growth,financial,finance,bank,lead,content,marketing,legal,sales,educational"
https://remoteOK.com/remote-jobs/remote-manager-engineering-ii-data-pipelines-ironclad-1093192,Ironclad,San Francisco,2025-05-17T13:00:04+00:00,1093192,Manager Engineering II Data Pipelines,17,"manager,design,hr,docker,technical,software,testing,growth,cloud,leader,management,operational,legal,sales,health,engineering,digital nomad"
https://remoteOK.com/remote-jobs/remote-visual-designer-pip-labs-1093190,PIP Labs,US,2025-05-16T22:00:03+00:00,1093190,Visual Designer,8,"design,web3,designer,management,content,senior,marketing,digital nomad"
https://remoteOK.com/remote-jobs/remote-marketing-design-intern-2025-summer-intern-symmetry-systems-1093189,Symmetry Systems,Remote,2025-05-16T11:00:10+00:00,1093189,Marketing Design Intern 2025 Summer Intern,10,"design,security,technical,support,software,video,management,content,marketing,digital nomad"
https://remoteOK.com/remote-jobs/remote-lifecycle-marketing-associate-blueland-1093188,Blueland,Remote,2025-05-16T11:00:03+00:00,1093188,Lifecycle Marketing Associate,7,"support,growth,investment,strategy,management,marketing,part-time"
https://remoteOK.com/remote-jobs/remote-member-of-product-trading-anchorage-digital-1093187,Anchorage Digital,United States,2025-05-16T10:00:03+00:00,1093187,Member of Product Trading,18,"design,crypto,cryptocurrency,swift,security,technical,growth,voice,manager,financial,finance,bank,strategy,management,senior,legal,engineering,digital nomad"
https://remoteOK.com/remote-jobs/remote-associate-attorney-enablecomp-1093185,EnableComp,"",2025-05-16T00:00:06+00:00,1093185,Associate Attorney,10,"training,support,growth,financial,strategy,management,senior,legal,health,healthcare"
https://remoteOK.com/remote-jobs/remote-1093182,"","",2025-05-15T18:00:01+00:00,1093182,"",2,"sales,non tech"
https://remoteOK.com/remote-jobs/remote-member-support-unicorn-interaction-design-foundation-1093181,Interaction Design Foundation,"",2025-05-15T11:41:41+00:00,1093181,Member Support Unicorn,3,"admin,customer support,social media"
https://remoteOK.com/remote-jobs/remote-staff-frontend-engineer-notabene-1093179,Notabene,"",2025-05-15T10:00:03+00:00,1093179,Staff Frontend Engineer,24,"frontend,design,crypto,cryptocurrency,system,front-end,security,full-stack,technical,support,software,growth,code,web,manager,financial,fintech,typescript,lead,junior,reliability,engineer,engineering,digital nomad"
https://remoteOK.com/remote-jobs/remote-staff-machine-learning-engineer-warner-music-inc-1093176,Warner Music Inc.,"",2025-05-15T00:00:20+00:00,1093176,Staff Machine Learning Engineer,11,"music,design,system,training,software,cloud,junior,engineer,engineering,full-time,digital nomad"
https://remoteOK.com/remote-jobs/remote-recruiter-qualdoc-1093175,Qualdoc,NA,2025-05-15T00:00:09+00:00,1093175,Recruiter,7,"system,recruiter,support,manager,microsoft,recruiting,recruitment"
https://remoteOK.com/remote-jobs/remote-social-media-expert-contra-1093173,Contra,"",2025-05-14T22:23:33+00:00,1093173,Social Media Expert,1,social media
https://remoteOK.com/remote-jobs/remote-app-designer-contra-1093171,Contra,"",2025-05-14T22:22:19+00:00,1093171,App Designer,1,designer
https://remoteOK.com/remote-jobs/remote-full-stack-software-engineer-daisychain-1093170,Daisychain,"",2025-05-14T15:01:34+00:00,1093170,Full Stack Software Engineer,9,"engineer,dev,javascript,ruby,postgres,vue,typescript,redis,aws"
https://remoteOK.com/remote-jobs/remote-testing-engineer-trial-library-1093169,Trial Library,"San Francisco, CA",2025-05-14T00:00:07+00:00,1093169,Testing Engineer,17,"testing,system,frontend,security,python,software,test,code,qa,typescript,api,reliability,health,healthcare,engineer,engineering,backend"
https://remoteOK.com/remote-jobs/remote-accountant-find-1093168,Find,Sliema,2025-05-13T16:00:31+00:00,1093168,Accountant,10,"accountant,support,controller,accounting,financial,finance,microsoft,management,operations,non tech"
https://remoteOK.com/remote-jobs/remote-commercial-content-editor-find-1093167,Find,"",2025-05-13T16:00:25+00:00,1093167,Commercial Content Editor,9,"crypto,cryptocurrency,financial,seo,management,content,operations,sales,non tech"
https://remoteOK.com/remote-jobs/remote-salesforce-engineer-oowlish-technology-1093164,Oowlish Technology,"",2025-05-13T08:00:16+00:00,1093164,Salesforce Engineer,4,"salesforce,software,growth,engineer"
https://remoteOK.com/remote-jobs/remote-account-coordinator-bluelight-consulting-1093163,Bluelight Consulting,"Indianapolis, Indiana",2025-05-13T08:00:10+00:00,1093163,Account Coordinator,11,"consulting,training,coordinator,support,growth,manager,education,management,content,senior,marketing"
https://remoteOK.com/remote-jobs/remote-head-of-growth-ava-foundation-1093162,AVA Foundation,Anywhere,2025-05-13T06:00:04+00:00,1093162,Head of Growth,10,"growth,design,web3,crypto,test,travel,strategy,management,lead,digital nomad"
https://remoteOK.com/remote-jobs/remote-werkstudent-im-bereich-sap-amp-cloud-automation-public-cloud-group-1093160,Public Cloud Group,Alle,2025-05-12T16:00:04+00:00,1093160,Werkstudent im Bereich SAP &amp_ Cloud Automation,3,"python,cloud,linux"
https://remoteOK.com/remote-jobs/remote-senior-golang-engineer-wundergraph-1093159,WunderGraph,"",2025-05-12T10:15:02+00:00,1093159,Senior Golang Engineer,5,"golang,graphql,senior,golang,engineer"
https://remoteOK.com/remote-jobs/remote-software-engineering-team-lead-bloxroute-labs-1093158,bloXroute Labs,Remote,2025-05-12T09:00:02+00:00,1093158,Software Engineering Team Lead,9,"software,support,testing,growth,code,lead,go,engineering,backend"
https://remoteOK.com/remote-jobs/remote-salesforce-lead-bounteous-1093155,Bounteous,India,2025-05-11T16:00:19+00:00,1093155,Salesforce Lead,11,"salesforce,design,security,consultancy,technical,software,management,lead,analytics,legal,digital nomad"
https://remoteOK.com/remote-jobs/remote-mid-market-sales-account-executive-fiscalnote-1093154,FiscalNote,United States - Remote,2025-05-11T16:00:12+00:00,1093154,Mid Market Sales Account Executive,10,"salesforce,training,support,software,leader,management,lead,sales,recruiting,executive"
https://remoteOK.com/remote-jobs/remote-support-specialist-vesta-1093153,Vesta,Remote,2025-05-11T14:00:03+00:00,1093153,Support Specialist,8,"system,security,support,software,financial,finance,cloud,engineering"
https://remoteOK.com/remote-jobs/remote-senior-data-analytics-engineer-fullscript-1093152,Fullscript,"",2025-05-10T21:00:03+00:00,1093152,Senior Data Analytics Engineer,19,"design,python,technical,support,testing,growth,code,devops,financial,cloud,leader,senior,junior,analytics,health,healthcare,engineer,engineering,digital nomad"
https://remoteOK.com/remote-jobs/remote-digital-editorial-manager-cozymeal-1093151,Cozymeal,"",2025-05-10T13:00:08+00:00,1093151,Digital Editorial Manager,5,"manager,support,seo,lead,content"
https://remoteOK.com/remote-jobs/remote-senior-fullstack-software-engineer-blotato-1093150,Blotato,"",2025-05-10T01:38:55+00:00,1093150,Senior Fullstack Software Engineer,5,"dev,javascript,typescript,heroku,aws"
https://remoteOK.com/remote-jobs/remote-investment-manager-wintermute-1093149,Wintermute,USA / Remote,2025-05-09T21:00:06+00:00,1093149,Investment Manager,14,"manager,web3,defi,crypto,cryptocurrency,technical,support,software,growth,financial,investment,finance,admin,management"
https://remoteOK.com/remote-jobs/remote-content-writer-blink-ux-1093147,Blink UX,All Locations,2025-05-09T11:00:11+00:00,1093147,Content Writer,15,"design,consulting,technical,recruiter,writer,growth,ux,voice,seo,ads,content,marketing,analytics,sales,digital nomad"
https://remoteOK.com/remote-jobs/remote-sales-development-representative-torch-1093146,Torch,Remote,2025-05-09T11:00:02+00:00,1093146,Sales Development Representative,4,"support,lead,marketing,sales"
https://remoteOK.com/remote-jobs/remote-sr-software-engineer-cross-platform-applications-smallstep-1093143,Smallstep,"",2025-05-08T17:15:03+00:00,1093143,Sr Software Engineer Cross Platform Applications,3,"golang,software,engineer"
https://remoteOK.com/remote-jobs/remote-sr-software-engineer-backend-web-applications-smallstep-1093144,Smallstep,"",2025-05-08T17:15:03+00:00,1093144,Sr Software Engineer Backend Web Applications,5,"golang,software,web,engineer,backend"
